"videogamesLabel","aspectRatio","frequentlyUpdated","gameArtistLabel","gameEngineLabel","latestPreviewDate","latestPreviewVersion","latestReleaseDate","latestReleaseVersion","operatingSystemLabel","programmingLanguageLabel"
"Yooka-Laylee",,,"Yooka-Laylee","Yooka-Laylee",,,,,,
"Yooka-Laylee",,,"Yooka-Laylee","Yooka-Laylee",,,,,,
"Yooka-Laylee",,,"Yooka-Laylee","Yooka-Laylee",,,,,,
"Yooka-Laylee",,,"Yooka-Laylee","Yooka-Laylee",,,,,,
"Yooka-Laylee",,,"Yooka-Laylee","Yooka-Laylee",,,,,,
"Yooka-Laylee",,,"Yooka-Laylee","Yooka-Laylee",,,,,,
"Yooka-Laylee",,,"Yooka-Laylee","Yooka-Laylee",,,,,,
"Yooka-Laylee",,,"Yooka-Laylee","Yooka-Laylee",,,,,,
"Yooka-Laylee",,,"Yooka-Laylee","Yooka-Laylee",,,,,,
"Yooka-Laylee",,,"Yooka-Laylee","Yooka-Laylee",,,,,,
"Yooka-Laylee",,,"Yooka-Laylee","Yooka-Laylee",,,,,,
"Yooka-Laylee",,,"Yooka-Laylee","Yooka-Laylee",,,,,,
"Yooka-Laylee",,,"Yooka-Laylee","Yooka-Laylee",,,,,,
"Yooka-Laylee",,,"Yooka-Laylee","Yooka-Laylee",,,,,,
"Yooka-Laylee",,,"Yooka-Laylee","Yooka-Laylee",,,,,,
"Yooka-Laylee",,,"Yooka-Laylee","Yooka-Laylee",,,,,,
"Yooka-Laylee",,,"Yooka-Laylee","Yooka-Laylee",,,,,,
"Yooka-Laylee",,,"Yooka-Laylee","Yooka-Laylee",,,,,,
"Yoomurjak's Ring",,,,,,,,,,
"Yoostar",,,,,,,,,,
"Yoot Tower",,,,,,,,,,
"Yorkshire and Humber Route Utilisation Strategy",,,,,,,,,,
"Yoshi's Cookie",,,,,,,,,,
"Yoshi's Island",,,,,,,,,,
"Yoshi's Island DS",,,,,,,,,,
"Yoshi's New Island",,,,,,,,,,
"Yoshi's Safari",,,,,,,,,,
"Yoshi's Story",,,,,,,,,,
"Yoshi's Universal Gravitation",,,,,,,,,,
"Yoshi's Woolly World",,,,,,,,,,
"Yoshi (video game)",,,,,,,,,,
"Yoshi Touch & Go",,,,,,,,,,
"Yoshida Doctrine",,,,,,,,,,
"Yoshitsune Eiyūden: The Story of Hero Yoshitsune",,,,,,,,,,
"Yosumin!",,,,,,,,,,
"Yoté",,,,,,,,,,
"You're Bluffing",,,,,,,,,,
"You're in the Movies",,,,,,,,,,
"You Are Empty",,,,,,,,,,
"You Don't Know Jack (2011 video game)",,,,,,,,,,
"You Don't Know Jack (Facebook game)",,,,,,,,,,
"You Don't Know Jack (video game series)",,,,,,,,,,
"You Have Been Watching",,,,,,,,,,
"You Have to Burn the Rope",,,,,,,,,,
"You Must Build a Boat",,,,,,,,,,
"YoubeQ",,,,,,,,"2.0",,
"Young Justice: Legacy",,,,,,,,,,
"Young Merlin",,,,,,,,,,
"Young Sherlock: The Legacy of Doyle",,,,,,,,,,
"Young Thor",,,,,,,,,,
"Your Shape",,,,,,,,,,
"Your Shape: Fitness Evolved",,,,,,,,,,
"Yourself!Fitness",,,,"Yourself!Fitness",,,,,,
"Youtubers Life",,,,,,,,,,
"Ys: Memories of Celceta",,,,,,,,,,
"Ys: The Ark of Napishtim",,,,,,,,,,
"Ys: The Oath in Felghana",,,,,,,,,,
"Ys I: Ancient Ys Vanished",,,,,,,,,,
"Ys II: Ancient Ys Vanished – The Final Chapter",,,,,,,,,,
"Ys III: Wanderers from Ys",,,,,,,,,,
"Ys IV: Mask of the Sun",,,,,,,,,,
"Ys IV: The Dawn of Ys",,,,,,,,,,
"Ys I & II",,,,,,,,,,
"Ys Origin",,,,,,,,,,
"Ys Seven",,,,,,,,,,
"Ys Strategy",,,,,,,,,,
"Ys V: Lost Kefin, Kingdom of Sand",,,"Ys V: Ushinawareta Suna no Miyako Kefin",,,,,,,
"Ys V: Lost Kefin, Kingdom of Sand",,,"Ys V: Lost Kefin, Kingdom of Sand",,,,,,,
"Ys V: Lost Kefin, Kingdom of Sand",,,"イースV",,,,,,,
"Ys V: Lost Kefin, Kingdom of Sand",,,"Ys V: Ushinawareta Sunano Miyako Kefin",,,,,,,
"Ys V: Lost Kefin, Kingdom of Sand",,,"伊苏V 失落的砂之都凯芬",,,,,,,
"Ys VIII: Lacrimosa of Dana",,,,,,,,,,
"Ys vs. Sora no Kiseki: Alternative Saga",,,,,,,,,,
"Ysgarth",,,,,,,,,,
"Yspahan",,,,,,,,,,
"Yu-Gi-Oh! The Dawn of Destiny",,,,,,,,,,
"Yu-Gi-Oh! The Falsebound Kingdom",,,,,,,,,,
"Yu-Gi-Oh! World Championship Tournament 2004",,,,,,,,,,
"Yu-Gi-Oh! Worldwide Edition: Stairway to the Destined Duel",,,,,,,,,,
"Yu Yu Hakusho: Dark Tournament",,,,,,,,,,
"Yu Yu Hakusho: Spirit Detective",,,,,,,,,,
"Yu Yu Hakusho: Tournament Tactics",,,,,,,,,,
"Yuantang (language game)",,,,,,,,,,
"Yubi lakpi",,,,,,,,,,
"Yume Miru Kusuri: A Drug That Makes You Dream",,,"Yume Miru Kusuri",,,,,,,
"Yume Miru Kusuri: A Drug That Makes You Dream",,,"Yume miru kusuri",,,,,,,
"Yume Miru Kusuri: A Drug That Makes You Dream",,,"Yume Miru Kusuri: A Drug That Makes You Dream",,,,,,,
"Yume Miru Kusuri: A Drug That Makes You Dream",,,"Yume Miru Kusuri: A Drug That Makes You Dream",,,,,,,
"Yume Miru Kusuri: A Drug That Makes You Dream",,,"ユメミルクスリ",,,,,,,
"Yume Miru Kusuri: A Drug That Makes You Dream",,,"夢見之藥",,,,,,,
"Yume Nikki",,,,"Yume Nikki",,,,,,
"Yume Nikki",,,,"Yume Nikki",,,,,,
"Yume Nikki",,,,"Yume Nikki",,,,,,
"Yume Nikki",,,,"ゆめにっき",,,,,,
"Yume Nikki",,,,"Yume Nikki",,,,,,
"Yume Nikki",,,,"夢日記",,,,,,
"Yume Nikki",,,,"Yume Nikki",,,,,,
"Yume Penguin Monogatari",,,,,,,,,,
"Yummy Yummy Cooking Jam",,,,,,,,,,
"Yut",,,,,,,,,,
"Yōkai Yashiki",,,,,,,,,,
"Yōrō Code",,,,,,,,,,
"Yūyu no Quiz de Go! Go!",,,,,,,,,,
"Yūyūki",,,,,,,,,,
"Z-G",,,,,,,,,,
"Z-Out",,,,,,,,,,
"Z.H.P. Unlosing Ranger VS Darkdeath Evilman",,,,,,,,,,
"Z/X",,,,,,,,,,
"Z: Steel Soldiers",,,,,,,,,,
"ZOO Aquarium forever",,,,,,,,,,
"ZPC",,,,,,,,,,
"ZSU-23-4MP Biała",,,,,,,,,,
"ZTreeWin",,,,,,,2011-03-01,"2.2","ZTreeWin",
"ZZT",,,,,,,,,,
"Z (video game)",,,,,,,,,,
"Zack & Wiki: Quest for Barbaros' Treasure",,,,,,,,,,
"Zack Zero",,,,,,,,,,
"Zaero",,,,,,,,,,
"Zafehouse: Diaries",,,,,,,,,,
"Zak McKracken: Between Time and Space",,,,,,,,,,
"Zak McKracken and the Alien Mindbenders",,,"Zak McKracken and the Alien Mindbenders","Zak McKracken and the Alien Mindbenders",,,,,,
"Zak McKracken and the Alien Mindbenders",,,"Zak McKracken and the Alien Mindbenders","Zak McKracken and the Alien Mindbenders",,,,,,
"Zak McKracken and the Alien Mindbenders",,,"Zak McKracken and the Alien Mindbenders","Zak McKracken and the Alien Mindbenders",,,,,,
"Zak McKracken and the Alien Mindbenders",,,"Zak McKracken and the Alien Mindbenders","Zak McKracken and the Alien Mindbenders",,,,,,
"Zak McKracken and the Alien Mindbenders",,,"Zak McKracken and the Alien Mindbenders","Zak McKracken and the Alien Mindbenders",,,,,,
"Zak McKracken and the Alien Mindbenders",,,"Zak McKracken and the Alien Mindbenders","Zak McKracken and the Alien Mindbenders",,,,,,
"Zak McKracken and the Alien Mindbenders",,,"Zak McKracken and the Alien Mindbenders","Zak McKracken and the Alien Mindbenders",,,,,,
"Zak McKracken and the Alien Mindbenders",,,"異形大進擊","Zak McKracken and the Alien Mindbenders",,,,,,
"Zak McKracken and the Alien Mindbenders",,,"Zak McKracken and the Alien Mindbenders","Zak McKracken and the Alien Mindbenders",,,,,,
"Zak McKracken and the Alien Mindbenders",,,"Zak McKracken and the Alien Mindbenders","Zak McKracken and the Alien Mindbenders",,,,,,
"Zak McKracken and the Alien Mindbenders",,,"Zak McKracken and the Alien Mindbenders","Zak McKracken and the Alien Mindbenders",,,,,,
"Zak McKracken and the Alien Mindbenders",,,"Zak McKracken and the Alien Mindbenders","Zak McKracken and the Alien Mindbenders",,,,,,
"Zak McKracken and the Alien Mindbenders",,,"Zak McKracken and the Alien Mindbenders","Zak McKracken and the Alien Mindbenders",,,,,,
"Zak McKracken and the Alien Mindbenders",,,"Zak McKracken and the Alien Mindbenders","Zak McKracken and the Alien Mindbenders",,,,,,
"Zak McKracken and the Alien Mindbenders",,,"Zak McKracken and the Alien Mindbenders","Zak McKracken and the Alien Mindbenders",,,,,,
"Zak McKracken and the Alien Mindbenders",,,"異形大進擊","Zak McKracken and the Alien Mindbenders",,,,,,
"Zak McKracken and the Alien Mindbenders",,,"Zak McKracken and the Alien Mindbenders","Zak McKracken and the Alien Mindbenders",,,,,,
"Zak McKracken and the Alien Mindbenders",,,"Zak McKracken and the Alien Mindbenders","Zak McKracken and the Alien Mindbenders",,,,,,
"Zak McKracken and the Alien Mindbenders",,,"Zak McKracken and the Alien Mindbenders","Zak McKracken and the Alien Mindbenders",,,,,,
"Zak McKracken and the Alien Mindbenders",,,"Zak McKracken and the Alien Mindbenders","Zak McKracken and the Alien Mindbenders",,,,,,
"Zak McKracken and the Alien Mindbenders",,,"Zak McKracken and the Alien Mindbenders","Zak McKracken and the Alien Mindbenders",,,,,,
"Zak McKracken and the Alien Mindbenders",,,"Zak McKracken and the Alien Mindbenders","Zak McKracken and the Alien Mindbenders",,,,,,
"Zak McKracken and the Alien Mindbenders",,,"Zak McKracken and the Alien Mindbenders","Zak McKracken and the Alien Mindbenders",,,,,,
"Zak McKracken and the Alien Mindbenders",,,"異形大進擊","Zak McKracken and the Alien Mindbenders",,,,,,
"Zak McKracken and the Alien Mindbenders",,,"Zak McKracken and the Alien Mindbenders","Zak McKracken and the Alien Mindbenders",,,,,,
"Zak McKracken and the Alien Mindbenders",,,"Zak McKracken and the Alien Mindbenders","Zak McKracken and the Alien Mindbenders",,,,,,
"Zak McKracken and the Alien Mindbenders",,,"Zak McKracken and the Alien Mindbenders","Zak McKracken and the Alien Mindbenders",,,,,,
"Zak McKracken and the Alien Mindbenders",,,"Zak McKracken and the Alien Mindbenders","Zak McKracken and the Alien Mindbenders",,,,,,
"Zak McKracken and the Alien Mindbenders",,,"Zak McKracken and the Alien Mindbenders","Zak McKracken and the Alien Mindbenders",,,,,,
"Zak McKracken and the Alien Mindbenders",,,"Zak McKracken and the Alien Mindbenders","Zak McKracken and the Alien Mindbenders",,,,,,
"Zak McKracken and the Alien Mindbenders",,,"Zak McKracken and the Alien Mindbenders","Zak McKracken and the Alien Mindbenders",,,,,,
"Zak McKracken and the Alien Mindbenders",,,"異形大進擊","Zak McKracken and the Alien Mindbenders",,,,,,
"Zak McKracken and the Alien Mindbenders",,,"Zak McKracken and the Alien Mindbenders","Zak McKracken and the Alien Mindbenders",,,,,,
"Zak McKracken and the Alien Mindbenders",,,"Zak McKracken and the Alien Mindbenders","Zak McKracken and the Alien Mindbenders",,,,,,
"Zak McKracken and the Alien Mindbenders",,,"Zak McKracken and the Alien Mindbenders","Zak McKracken and the Alien Mindbenders",,,,,,
"Zak McKracken and the Alien Mindbenders",,,"Zak McKracken and the Alien Mindbenders","Zak McKracken and the Alien Mindbenders",,,,,,
"Zak McKracken and the Alien Mindbenders",,,"Zak McKracken and the Alien Mindbenders","Zak McKracken and the Alien Mindbenders",,,,,,
"Zak McKracken and the Alien Mindbenders",,,"Zak McKracken and the Alien Mindbenders","Zak McKracken and the Alien Mindbenders",,,,,,
"Zak McKracken and the Alien Mindbenders",,,"Zak McKracken and the Alien Mindbenders","Zak McKracken and the Alien Mindbenders",,,,,,
"Zak McKracken and the Alien Mindbenders",,,"異形大進擊","Zak McKracken and the Alien Mindbenders",,,,,,
"Zak McKracken and the Alien Mindbenders",,,"Zak McKracken and the Alien Mindbenders","Zak McKracken and the Alien Mindbenders",,,,,,
"Zak McKracken and the Alien Mindbenders",,,"Zak McKracken and the Alien Mindbenders","Zak McKracken and the Alien Mindbenders",,,,,,
"Zak McKracken and the Alien Mindbenders",,,"Zak McKracken and the Alien Mindbenders","Zak McKracken and the Alien Mindbenders",,,,,,
"Zak McKracken and the Alien Mindbenders",,,"Zak McKracken and the Alien Mindbenders","Zak McKracken and the Alien Mindbenders",,,,,,
"Zak McKracken and the Alien Mindbenders",,,"Zak McKracken and the Alien Mindbenders","Zak McKracken and the Alien Mindbenders",,,,,,
"Zak McKracken and the Alien Mindbenders",,,"Zak McKracken and the Alien Mindbenders","Zak McKracken and the Alien Mindbenders",,,,,,
"Zak McKracken and the Alien Mindbenders",,,"Zak McKracken and the Alien Mindbenders","Zak McKracken and the Alien Mindbenders",,,,,,
"Zak McKracken and the Alien Mindbenders",,,"異形大進擊","Zak McKracken and the Alien Mindbenders",,,,,,
"Zak McKracken and the Alien Mindbenders",,,"Zak McKracken and the Alien Mindbenders","Zak McKracken and the Alien Mindbenders",,,,,,
"Zak McKracken and the Alien Mindbenders",,,"Zak McKracken and the Alien Mindbenders","Zak McKracken and the Alien Mindbenders",,,,,,
"Zak McKracken and the Alien Mindbenders",,,"Zak McKracken and the Alien Mindbenders","Zak McKracken and the Alien Mindbenders",,,,,,
"Zak McKracken and the Alien Mindbenders",,,"Zak McKracken and the Alien Mindbenders","Zak McKracken and the Alien Mindbenders",,,,,,
"Zak McKracken and the Alien Mindbenders",,,"Zak McKracken and the Alien Mindbenders","Zak McKracken and the Alien Mindbenders",,,,,,
"Zak McKracken and the Alien Mindbenders",,,"Zak McKracken and the Alien Mindbenders","Zak McKracken and the Alien Mindbenders",,,,,,
"Zak McKracken and the Alien Mindbenders",,,"Zak McKracken and the Alien Mindbenders","Zak McKracken and the Alien Mindbenders",,,,,,
"Zak McKracken and the Alien Mindbenders",,,"異形大進擊","Zak McKracken and the Alien Mindbenders",,,,,,
"Zak McKracken and the Alien Mindbenders",,,"Zak McKracken and the Alien Mindbenders","異形大進擊",,,,,,
"Zak McKracken and the Alien Mindbenders",,,"Zak McKracken and the Alien Mindbenders","異形大進擊",,,,,,
"Zak McKracken and the Alien Mindbenders",,,"Zak McKracken and the Alien Mindbenders","異形大進擊",,,,,,
"Zak McKracken and the Alien Mindbenders",,,"Zak McKracken and the Alien Mindbenders","異形大進擊",,,,,,
"Zak McKracken and the Alien Mindbenders",,,"Zak McKracken and the Alien Mindbenders","異形大進擊",,,,,,
"Zak McKracken and the Alien Mindbenders",,,"Zak McKracken and the Alien Mindbenders","異形大進擊",,,,,,
"Zak McKracken and the Alien Mindbenders",,,"Zak McKracken and the Alien Mindbenders","異形大進擊",,,,,,
"Zak McKracken and the Alien Mindbenders",,,"異形大進擊","異形大進擊",,,,,,
"Zaku (video game)",,,,,,,,,,
"Zamma",,,,,,,,,,
"Zan: Yasha Enbukyoku",,,,,,,,,,
"ZanZarah: The Hidden Portal",,,,,,,,,,
"Zanac",,,,,,,,,,
"Zangeki no Reginleiv",,,,,,,,,,
"Zany Golf",,,,,,,,,,
"Zapitalism",,,,,,,,,,
"Zapper: One Wicked Cricket",,,,,,,,,,
"Zarathrusta",,,,,,,,,,
"Zarch",,,,,,,,,,
"Zarlor Mercenary",,,,,,,,,,
"Zarnitsa game",,,,,,,,,,
"Zarzon",,,,,,,,,,
"Zatch Bell! Mamodo Battles",,,,"زاتش بيل! مامودو باتلس",,,,,,
"Zatch Bell! Mamodo Battles",,,,"Zatch Bell! Mamodo Battles",,,,,,
"Zatch Bell! Mamodo Battles",,,,"Zatch Bell! Mamodo Battles",,,,,,
"Zatch Bell! Mamodo Fury",,,,,,,,,,
"Zatikon",,,,,,,,,,
"Zax: The Alien Hunter",,,,"Zax: The Alien Hunter",,,,,,
"Zaxxon",,,,,,,,,,
"Zaxxon's Motherbase 2000",,,,,,,,,,
"Zaz (video game)",,,,,,,,,,
"Zebra Puzzle",,,,,,,,,,
"Zed Blade",,,,,,,,,,
"Zeebo Extreme Baja",,,,,,,,,,
"Zeebo Extreme Corrida Aérea",,,,,,,,,,
"Zeebo Extreme Rolimã",,,,,,,,,,
"Zeebo F.C. Foot Camp",,,,,,,,,,
"Zeebo Sports Tênis",,,,,,,,,,
"Zeebo Sports Vôlei",,,,"Zeebo Sports Vôlei",,,,,,
"Zeebo Sports Vôlei",,,,"Zeebo Sports Vôlei",,,,,,
"Zeewolf",,,,,,,,,,
"Zeit²",,,,,,,,,,
"Zektor",,,,,,,,,,
"Zelda's Adventure",,,,,,,,,,
"Zelda II: The Adventure of Link",,,,,,,,,,
"Zeliard",,,,,,,,,,
"Zemmix",,,,,,,,,,
"ZenGems",,,,,,,,,,
"Zen Bound",,,,,,,,,,
"Zen Pinball",,,,,,,,,,
"Zen Pinball 2",,,,,,,,,,
"Zen of Sudoku",,,,,,,,,,
"Zendo (game)",,,,,,,,,,
"Zendoku",,,,,,,,,,
"Zenji (video game)",,,,,,,,,,
"Zenkoku Kōkō Soccer",,,,,,,,,,
"Zenkoku Kōkō Soccer 2",,,,,,,,,,
"Zenkoku Kōkō Soccer Senshuken '96",,,,,,,,,,
"Zeno Clash",,,,"Zeno Clash",,,,,,
"Zeno Clash",,,,"Zeno Clash",,,,,,
"Zeno Clash",,,,"Zeno Clash",,,,,,
"Zeno Clash",,,,"Zeno Clash",,,,,,
"Zeno Clash",,,,"Zeno Clash",,,,,,
"Zeno Clash",,,,"Zeno Clash",,,,,,
"Zeno Clash II",,,,"Zeno Clash II",,,,,,
"Zeno Clash II",,,,"Zeno Clash 2",,,,,,
"Zeno Clash II",,,,"Zeno Clash II",,,,,,
"Zeno Clash II",,,,"Zeno Clash 2",,,,,,
"Zeno Clash II",,,,"Zeno Clash II",,,,,,
"Zenonia",,,,,,,,,,
"Zenonia 2",,,,,,,,,,
"Zenonia 3",,,,,,,,,,
"Zenonia 4",,,,,,,,,,
"Zentia",,,,,,,,,,
"Zero-K",,,,"Zero-K",,,,,,
"Zero-K",,,,"Zero-K",,,,,,
"Zero-player game",,,,,,,,,,
"Zero4 Champ DooZy-J Type-R",,,,,,,,,,
"Zero4 Champ RR",,,,,,,,,,
"Zero4 Champ RR-Z",,,,,,,,,,
"ZeroZone",,,,,,,,,,
"Zero Critical",,,,,,,,,,
"Zero Divide",,,,,,,,,,
"Zero Escape: Virtue's Last Reward",,,,,,,,,,
"Zero Gear",,,,,,,,,,
"Zero Gunner",,,,,,,,,,
"Zero Gunner 2",,,,,,,,,,
"Zero Hour: America's Medic",,,,,,,,,,
"Zero Time Dilemma",,,,,,,,,,
"Zero Tolerance (video game)",,,,,,,,,,
"Zero Wing",,,,,,,,,,
"Zero deficit budget",,,,,,,,,,
"Zero game",,,,,,,,,,
"Zero the Kamikaze Squirrel",,,,,,,,,,
"Zettai Fukuju Meirei",,,,,,,,,,
"Zettai Zetsumei Toshi 3: Kowareyuku Machi to Kanojo no Uta",,,,,,,,,,
"Zettai Zetsumei Toshi 4: Summer Memories",,,,,,,,,,
"Zeus: Master of Olympus",,,,,,,,,,
"Zeuthen strategy",,,,,,,,,,
"Zheng Fen",,,,,,,,,,
"Zhengtu",,,,,,,,,,
"Zico Soccer",,,,,,,,,,
"Zig Zag (video game)",,,,,,,,,,
"Zig zag revolver",,,,,,,,,,
"Ziggurat (2014 video game)",,,,"Ziggurat (2014 video game)",,,,,,
"Ziggurat (video game)",,,,,,,,,,
"Zigity",,,,,,,,,,
"Zill O'll Infinite",,,,,,,,,,
"Zillion (video game)",,,,,,,,,,
"Zillion II",,,,,,,,,,
"Zillions of Games",,,,,,,,"2.0.1",,
"Zing It",,,,,,,,,,
"Zioncheck",,,,,,,,,,
"Zip (game)",,,,,,,,,,
"Zip Zap",,,,,,,,,,
"Zoda's Revenge: StarTropics II",,,,,,,,,,
"Zodiac: Orcanon Odyssey",,,,"Zodiac: Orcanon Odyssey",,,,,,
"Zodiac (solitaire)",,,,,,,,,,
"Zohn Ahl",,,,,,,,,,
"Zoids: The Battle Begins",,,,,,,,,,
"Zoids Infinity",,,,,,,,,,
"Zole",,,,,,,,,,
"ZombiU",,,,"زومبي يو",,,,,,
"ZombiU",,,,"ZombiU",,,,,,
"ZombiU",,,,"ZombiU",,,,,,
"ZombiU",,,,"ZombiU",,,,,,
"ZombiU",,,,"ZombiU",,,,,,
"ZombiU",,,,"ZombiU",,,,,,
"ZombiU",,,,"ZombiU",,,,,,
"ZombiU",,,,"ZombiU",,,,,,
"ZombiU",,,,"僵尸U",,,,,,
"ZombiU",,,,"ZombiU",,,,,,
"Zombi (1986 video game)",,,,,,,,,,
"Zombicide",,,,,,,,,,
"Zombie Apocalypse: Never Die Alone",,,,,,,,,,
"Zombie Apocalypse (video game)",,,,,,,,,,
"Zombie Army Trilogy",,,,,,,,,,
"Zombie Carnaval",,,,,,,,,,
"Zombie Driver",,,,"Zombie Driver",,,,,,
"Zombie Driver",,,,"Zombie Driver",,,,,,
"Zombie Gunship",,,,,,,,,,
"Zombie Highway",,,,,,,,,,
"Zombie Lane",,,,,,,,,,
"Zombie Massacre (video game)",,,,,,,,,,
"Zombie Nation (video game)",,,,,,,,,,
"Zombie Panic! Source",,,,"Zombie Panic! Source",,,,,,
"Zombie Panic! Source",,,,"Zombie Panic! Source",,,,,,
"Zombie Panic! Source",,,,"Zombie Panic! Source",,,,,,
"Zombie Panic! Source",,,,"Zombie Panic! Source",,,,,,
"Zombie Panic! Source",,,,"Zombie Panic! Source",,,,,,
"Zombie Panic in Wonderland",,,,,,,,,,
"Zombie Parkour Runner",,,,,,,,,,
"Zombie Raid",,,,,,,,,,
"Zombie Revenge",,,,,,,,,,
"Zombie Tsunami",,,,,,,,,,
"Zombie Tycoon",,,,,,,,,,
"Zombie Wranglers",,,,,,,,,,
"Zombie Zombie",,,,,,,,,,
"Zombiepox",,,,,,,,,,
"Zombies, Run!",,,,,,,,,,
"Zombies (video game)",,,,,,,,,,
"Zombies Ate My Neighbors",,,,,,,,,,
"Zone 66",,,,,,,,,,
"Zone Raiders",,,,,,,,,,
"Zone Warrior",,,,,,,,,,
"Zone Zeal",,,,,,,,,,
"Zone of the Enders: The 2nd Runner",,,"Zone of the Enders: The 2nd Runner",,,,,,,
"Zone of the Enders: The 2nd Runner",,,"Zone of the Enders: The 2nd Runner",,,,,,,
"Zone of the Enders: The 2nd Runner",,,"Zone of the Enders: The 2nd Runner",,,,,,,
"Zone of the Enders: The 2nd Runner",,,"Zone of the Enders: The 2nd Runner",,,,,,,
"Zone of the Enders: The Fist of Mars",,,,,,,,,,
"Zone of the Enders (video game)",,,,,,,,,,
"Zonk (game)",,,,,,,,,,
"ZooCube",,,,,,,,,,
"ZooMumba",,,,,,,,,,
"Zoo Empire",,,,,,,,,,
"Zoo Keeper",,,,,,,,,,
"Zoo Keeper (video game)",,,,,,,,,,
"Zoo Tycoon: Complete Collection",,,,,,,,,,
"Zoo Tycoon: Friends",,,,,,,,,,
"Zoo Tycoon (2001 video game)",,,,,,,,,,
"Zoo Tycoon (2013 video game)",,,,,,,,,,
"Zoo Tycoon 2",,,,"Zoo Tycoon 2",,,,,,
"Zoo Tycoon 2",,,,"Zoo Tycoon 2",,,,,,
"Zoo Tycoon 2",,,,"Zoo Tycoon 2",,,,,,
"Zoo Tycoon 2",,,,"Zoo Tycoon 2",,,,,,
"Zoo Tycoon 2",,,,"Zoo Tycoon 2",,,,,,
"Zoo Tycoon 2",,,,"Zoo Tycoon 2",,,,,,
"Zoo Tycoon 2",,,,"Zoo Tycoon 2",,,,,,
"Zoo Tycoon 2",,,,"Zoo Tycoon 2",,,,,,
"Zoo Tycoon 2: African Adventure",,,,"Zoo Tycoon 2: African Adventure",,,,,,
"Zoo Tycoon 2: African Adventure",,,,"Zoo Tycoon 2: African Adventure",,,,,,
"Zoo Tycoon 2: African Adventure",,,,"Zoo Tycoon 2: Afrikaans Avontuur",,,,,,
"Zoo Tycoon 2: African Adventure",,,,"Zoo Tycoon 2: Afrykańskie zwierzaki",,,,,,
"Zoo Tycoon 2: African Adventure",,,,"Zoo Tycoon 2: African Adventure",,,,,,
"Zoo Tycoon 2: Dino Danger Pack",,,,"Zoo Tycoon 2: Dino Danger Pack",,,,,,
"Zoo Tycoon 2: Dino Danger Pack",,,,"Zoo Tycoon 2: Dino Danger Pack",,,,,,
"Zoo Tycoon 2: Dino Danger Pack",,,,"Zoo Tycoon 2: Dino Danger",,,,,,
"Zoo Tycoon 2: Dino Danger Pack",,,,"Zoo Tycoon 2: Dino Danger Pack",,,,,,
"Zoo Tycoon 2: Endangered Species",,,,"Zoo Tycoon 2: Endangered Species",,,,,,
"Zoo Tycoon 2: Endangered Species",,,,"Zoo Tycoon 2: Endangered Species",,,,,,
"Zoo Tycoon 2: Endangered Species",,,,"Zoo Tycoon 2: Bedreigde Diersoorten",,,,,,
"Zoo Tycoon 2: Endangered Species",,,,"Zoo Tycoon 2: Na ratunek zwierzakom",,,,,,
"Zoo Tycoon 2: Endangered Species",,,,"Zoo Tycoon 2: Endangered Species",,,,,,
"Zoo Tycoon 2: Extinct Animals",,,,"Zoo Tycoon 2: Extinct Animals",,,,,,
"Zoo Tycoon 2: Extinct Animals",,,,"Zoo Tycoon 2: Extinct Animals",,,,,,
"Zoo Tycoon 2: Extinct Animals",,,,"Zoo Tycoon 2: Uitgestorven Diersoorten",,,,,,
"Zoo Tycoon 2: Extinct Animals",,,,"Zoo Tycoon 2: Wymarłe gatunki",,,,,,
"Zoo Tycoon 2: Extinct Animals",,,,"Zoo Tycoon 2: Extinct Animals",,,,,,
"Zoo Tycoon 2: Marine Mania",,,,"Zoo Tycoon 2: Marine Mania",,,,,,
"Zoo Tycoon 2: Marine Mania",,,,"Zoo Tycoon 2: Marine Mania",,,,,,
"Zoo Tycoon 2: Marine Mania",,,,"Zoo Tycoon 2: Marine Mania",,,,,,
"Zoo Tycoon 2: Marine Mania",,,,"Zoo Tycoon 2: Podwodny świat",,,,,,
"Zoo Tycoon 2: Marine Mania",,,,"Zoo Tycoon 2: Marine Mania",,,,,,
"Zoo Tycoon 2 DS",,,,,,,,,,
"Zoo Tycoon DS",,,,,,,,,,
"Zoo Vet",,,,,,,,,,
"Zoobles! Spring to Life!",,,,,,,,,,
"Zool",,,,,,,,,,
"Zool 2",,,,,,,,,,
"Zooloretto",,,,,,,,,,
"Zoom!",,,,,,,,,,
"Zoombies: Animales de la Muerte",,,,"Zoombies: Animales de la Muerte",,,,,,
"Zoop",,,,,,,,,,
"Zoor: Majū Tsukai Densetsu",,,,,,,,,,
"Zork",,,,"Zork",,,,,,
"Zork",,,,"Zork",,,,,,
"Zork",,,,"Zork",,,,,,
"Zork",,,,"Zork",,,,,,
"Zork",,,,"Zork",,,,,,
"Zork",,,,"ゾーク",,,,,,
"Zork",,,,"Zork",,,,,,
"Zork",,,,"Zork",,,,,,
"Zork",,,,"Zork",,,,,,
"Zork",,,,"Zork",,,,,,
"Zork",,,,"魔域",,,,,,
"Zork: Grand Inquisitor",,,,"Zork: Grand Inquisitor",,,,,,
"Zork: Grand Inquisitor",,,,"Zork: Der Großinquisitor",,,,,,
"Zork: Grand Inquisitor",,,,"Zork: Grand Inquisitor",,,,,,
"Zork: Grand Inquisitor",,,,"AFGNCAAP",,,,,,
"Zork: The Undiscovered Underground",,,,,,,,,,
"Zork Nemesis",,,,"Zork Nemesis",,,,,,
"Zork Nemesis",,,,"Zork Nemesis",,,,,,
"Zork Zero",,,,"Zork Zero",,,,,,
"Zork Zero",,,,"Zork Zero",,,,,,
"Zork Zero",,,,"Zork Zero",,,,,,
"Zork Zero",,,,"Zork Zero",,,,,,
"Zorro (video game)",,,,,,,,,,
"Zoyon Patrol",,,,,,,,,,
"Zu Online",,,,,,,,,,
"Zub",,,,,,,,,,
"Zubo",,,,,,,,,,
"Zuma's Revenge!",,,,"زوما ينتقم! (لعبة فيديو)",,,,,,
"Zuma's Revenge!",,,,"Zuma's Revenge!",,,,,,
"Zuma (video game)",,,,"زوما",,,,,,
"Zuma (video game)",,,,"Zuma (video game)",,,,,,
"Zuma (video game)",,,,"Zuma (videojuego)",,,,,,
"Zuma (video game)",,,,"Zuma (jeu vidéo)",,,,,,
"Zuma (video game)",,,,"Zuma",,,,,,
"Zuma (video game)",,,,"Zuma",,,,,,
"Zuma (video game)",,,,"Zuma (jogo)",,,,,,
"Zuma (video game)",,,,"祖瑪",,,,,,
"Zumba Fitness: World Party",,,,"Zumba Fitness: World Party",,,,,,
"Zumba Fitness (video game)",,,,"Zumba Fitness",,,,,,
"Zumba Fitness (video game)",,,,"尊巴健身 (游戏)",,,,,,
"Zumba Fitness (video game)",,,,"Zumba Fitness (video game)",,,,,,
"Zumba Fitness 2",,,,"Zumba Fitness 2",,,,,,
"Zumba Fitness 2",,,,"尊巴健身2",,,,,,
"Zumba Fitness 2",,,,"Zumba Fitness 2",,,,,,
"Zumba Fitness Core",,,,"尊巴健身 精选",,,,,,
"Zumba Fitness Core",,,,"Zumba Fitness Core",,,,,,
"Zumba Kids",,,,"Zumba Kids",,,,,,
"Zusar Vasar",,,,,,,,,,
"Zwei!!",,,,,,,,,,
"Zwei II",,,,,,,,,,
"Zybex",,,,,,,,,,
"Zyll",,,,,,,,,,
"Zynaps",,,,,,,,,,
"Zynga Bingo",,,,,,,,,,
"Zynga Poker",,,,,,,,,,
"Zynga Slingo",,,,,,,,,,
"Zzoom",,,,,,,,,,
"Zzyzzyxx",,,,,,,,,,
"ZÈRTZ",,,,,,,,,,
"Æon Flux (video game)",,,,"إيون فلوكس (لعبة فيديو)",,,,,,
"Æon Flux (video game)",,,,"Æon Flux (video game)",,,,,,
"Æon Flux (video game)",,,,"Æon Flux (videogioco)",,,,,,
"Æon Flux (video game)",,,,"Æon Flux (jeu vidéo)",,,,,,
"Æon Flux (video game)",,,,"Æon Flux (jogo eletrônico)",,,,,,
"Écarté",,,,,,,,,,
"Ô ăn quan",,,,,,,,,,
"ÜberSoldier",,,,,,,,,,
"Ünee tugalluulakh",,,,,,,,,,
"İstanbul Efsaneleri: Lale Savaşçıları",,,,,,,,,,
"Ōgon Musōkyoku",,,,,,,,,,
"Ōkami",,,,,,,,,,
"Ōkamiden",,,,,,,,,,
"Ōzumō Spirit",,,,,,,,,,
"ΜFluids@Home",,,,,,,,,,
